survey_id,Date,ANI,DNIS,channel,product,state,call_transcrpt,all_topics_discussed,supporting_quote,ai_topic_reasoning,customer_sentiment,process_time,model_version
S001,8/05/2025,0431 139 145,0462 639 537,Phone,Combined,SA,"I am quite neutral with how the missing item was handled. It took longer than expected to get a resolution, and the communication from your support team was not clear enough.","['Neutral handling of missing item', 'Long resolution time', 'Unclear communication']","It took longer than expected to get a resolution, and the communication from your support team was not clear enough.",The customer expresses neutrality toward the resolution but highlights issues with speed and clarity in communication.,Neutral,2025-11-18T22:30:14,gpt-4o-mini
S002,6/06/2025,0407 174 972,0402 182 663,Branch,Ambulance Cover,VIC,The overall experience was not great due to a wrong item sent. I had to contact support multiple times and it still remains unresolved. I expected better service quality.,"['Wrong item sent', 'Poor service quality', 'Unresolved issue', 'Multiple support contacts']",The overall experience was not great due to a wrong item sent.,"The customer faced issues with receiving the wrong item and had to contact support multiple times without resolution, indicating poor service.",Negative,2025-11-18T22:30:17,gpt-4o-mini
S003,25/09/2025,0417 867 603,0465 270 521,Branch,Travel,VIC,"I faced a missing item recently and it caused significant inconvenience. While the agent tried to help, the process was confusing and slow, making the whole experience frustrating.","['Missing item issue', 'Confusing process', 'Slow resolution']","the process was confusing and slow, making the whole experience frustrating.",The customer experienced difficulty due to a missing item and a frustrating claims process.,Negative,2025-11-18T22:30:20,gpt-4o-mini
S004,7/10/2025,0473 983 205,0459 260 949,Email,Ambulance Cover,WA,"I'm frustrated about how my billing error was addressed. It seems like there is no proper escalation process or accountability within the team, which made things worse.","['Billing error resolution', 'Lack of escalation process', 'Accountability issues']",I'm frustrated about how my billing error was addressed.,The customer expresses frustration over the handling of a billing error and notes insufficient escalation and accountability.,Negative,2025-11-18T22:30:22,gpt-4o-mini
S005,8/05/2025,0431 723 805,0474 448 944,Web,Combined,QLD,"I'm polite but firm about how my double charge was addressed. It seems like there is no proper escalation process or accountability within the team, which made things worse.","['Double charge issue', 'Lack of escalation process', 'Accountability concerns']",It seems like there is no proper escalation process or accountability within the team.,The customer is dissatisfied with how their billing issue was handled and feels there is a lack of responsibility in the resolution process.,Negative,2025-11-18T22:30:25,gpt-4o-mini
S006,7/08/2025,0402 226 131,0439 460 699,Mobile App,Hospital,TAS,"I am quite neutral with how the website bug was handled. It took longer than expected to get a resolution, and the communication from your support team was not clear enough. Plz contact me with test@gmail.com","['Delayed resolution', 'Unclear communication', 'Website bug handling']","It took longer than expected to get a resolution, and the communication from your support team was not clear enough.",The customer experienced delays in resolving a website issue and found the communication insufficient. They seem to have a neutral stance overall.,Neutral,2025-11-18T22:30:29,gpt-4o-mini
S007,6/09/2025,0483 808 234,0477 771 590,Mobile App,Hospital,WA,"I faced a website bug recently and it caused significant inconvenience. While the agent tried to help, the process was confusing and slow, making the whole experience frustrating.","['Website bug', 'Confusing process', 'Slow assistance']","the process was confusing and slow, making the whole experience frustrating.","The comment highlights issues with a website bug and the complications that arose during the assistance process, leading to frustration.",Negative,2025-11-18T22:30:33,gpt-4o-mini
S008,7/05/2025,0495 466 645,0474 507 363,Phone,Hospital,SA,"I'm polite but firm about how my missing item was addressed. It seems like there is no proper escalation process or accountability within the team, which made things worse.","['Missing item accountability', 'Lack of escalation process']",It seems like there is no proper escalation process or accountability within the team.,The customer feels that the team's handling of the missing item lacks proper accountability and a clear escalation procedure.,Negative,2025-11-18T22:30:35,gpt-4o-mini
S009,11/07/2025,0451 658 257,0400 305 253,Web,Ambulance Cover,TAS,The overall experience was not great due to a inconsistent information. I had to contact support multiple times and it still remains unresolved. I expected better service quality.,"['Inconsistent information', 'Multiple support contacts', 'Unresolved issues', 'Poor service quality']",The overall experience was not great due to a inconsistent information.,"The customer faced issues with inconsistent information and had to repeatedly contact support without resolution, indicating service quality concerns.",Negative,2025-11-18T22:30:39,gpt-4o-mini
S010,23/05/2025,0442 181 808,0435 263 394,Web,Hospital,QLD,"I'm constructive about how my wrong item sent was addressed. It seems like there is no proper escalation process or accountability within the team, which made things worse.","['Wrong item sent', 'Lack of escalation process', 'Accountability issues']",It seems like there is no proper escalation process or accountability within the team...,The customer is dissatisfied with how the issue was handled and highlights process flaws.,Negative,2025-11-18T22:30:43,gpt-4o-mini
S011,26/04/2025,0437 429 489,0459 656 420,Mobile App,Combined,SA,"I faced a rude staff recently and it caused significant inconvenience. While the agent tried to help, the process was confusing and slow, making the whole experience frustrating.","['Rude staff behavior', 'Confusing process', 'Slow service']",I faced a rude staff recently and it caused significant inconvenience.,"The customer experienced poor service due to staff behavior and a confusing process, leading to frustration.",Negative,2025-11-18T22:30:46,gpt-4o-mini
S012,4/09/2025,0476 591 218,0461 363 116,Phone,Combined,ACT,"I'm constructive about how my website bug was addressed. It seems like there is no proper escalation process or accountability within the team, which made things worse.","['Website bug resolution', 'Lack of escalation process', 'Accountability issues']",It seems like there is no proper escalation process or accountability within the team.,The comment highlights both a positive aspect of bug resolution and critical issues related to process and accountability.,Negative,2025-11-18T22:30:49,gpt-4o-mini
S013,18/05/2025,0479 122 567,0442 539 199,Email,Ambulance Cover,ACT,The overall experience was not great due to a delivery delay. I had to contact support multiple times and it still remains unresolved. I expected better service quality.,"['Delivery delay', 'Unresolved support issues', 'Poor service quality']",The overall experience was not great due to a delivery delay.,"The customer faced issues with delivery timeliness and needed to reach out for support without resolution, reflecting dissatisfaction.",Negative,2025-11-18T22:30:51,gpt-4o-mini
S014,8/09/2025,0432 913 890,0432 123 806,Email,Extras,WA,"I'm annoyed about how my account locked was addressed. It seems like there is no proper escalation process or accountability within the team, which made things worse.","['Poor account lock resolution', 'Lack of escalation process', 'No accountability in team']",I'm annoyed about how my account locked was addressed.,The customer expresses frustration with the handling of their account lock and the absence of a clear escalation process.,Negative,2025-11-18T22:30:54,gpt-4o-mini
S015,5/05/2025,0457 674 111,0442 649 469,Web,Extras,QLD,"I faced a slow response recently and it caused significant inconvenience. While the agent tried to help, the process was confusing and slow, making the whole experience frustrating.","['Slow response time', 'Confusing process', 'Frustrating experience']",I faced a slow response recently and it caused significant inconvenience.,The comments indicate issues with the response time and a confusing process leading to frustration.,Negative,2025-11-18T22:30:57,gpt-4o-mini
S016,11/09/2025,0492 243 675,0416 863 979,Phone,Extras,QLD,"I'm angry about how my account locked was addressed. It seems like there is no proper escalation process or accountability within the team, which made things worse.","['Account lock issue', 'Lack of escalation process', 'Poor team accountability']",I'm angry about how my account locked was addressed.,The customer expresses frustration about the handling of their account lock and feels there's no proper escalation or accountability processes in place.,Negative,2025-11-18T22:31:00,gpt-4o-mini
S017,31/08/2025,0417 284 767,0445 797 704,Mobile App,Ambulance Cover,NT,"Although the product itself is fine, the rude staff made the experience unpleasant. I hope future interactions can be smoother and more efficient for customers like me.","['Rude staff behavior', 'Unpleasant customer experience', 'Need for smoother interactions']",the rude staff made the experience unpleasant.,"The customer expressed dissatisfaction with staff conduct, which negatively impacted their overall experience despite liking the product.",Negative,2025-11-18T22:31:03,gpt-4o-mini
S018,10/05/2025,0419 222 168,0498 686 581,Phone,Travel,WA,"I'm disappointed about how my unclear instructions was addressed. It seems like there is no proper escalation process or accountability within the team, which made things worse.","['Unclear instructions handling', 'Lack of escalation process', 'Accountability issues']",I'm disappointed about how my unclear instructions was addressed.,"The comment highlights dissatisfaction with the way unclear instructions were dealt with, along with concerns about escalation and accountability.",Negative,2025-11-18T22:31:06,gpt-4o-mini
S019,18/08/2025,0479 657 820,0445 144 173,Mobile App,Extras,NT,"I am quite polite but firm with how the miscommunication was handled. It took longer than expected to get a resolution, and the communication from your support team was not clear enough.","['Miscommunication issues', 'Delayed resolution', 'Unclear communication']","It took longer than expected to get a resolution, and the communication from your support team was not clear enough.","The customer experienced delays and misunderstandings related to communication, indicating a need for improved clarity and efficiency.",Negative,2025-11-18T22:31:09,gpt-4o-mini
S020,21/05/2025,0412 231 446,0415 740 755,Branch,Hospital,WA,The overall experience was not great due to a damaged parcel. I had to contact support multiple times and it still remains unresolved. I expected better service quality.,"['Damaged parcel', 'Unresolved issue', 'Poor service quality', 'Frequent support contact']",The overall experience was not great due to a damaged parcel.,"The customer faced a damaged parcel issue, had to reach out multiple times for support, and expressed disappointment in service quality.",Negative,2025-11-18T22:31:11,gpt-4o-mini
S021,15/08/2025,0402 819 829,0473 984 722,Email,Travel,VIC,"I'm frustrated about how my wrong item sent was addressed. It seems like there is no proper escalation process or accountability within the team, which made things worse.","['Wrong item sent', 'Lack of escalation process', 'Poor accountability']",It seems like there is no proper escalation process or accountability within the team...,The customer expresses frustration about receiving the wrong item and a lack of effective resolutions.,Negative,2025-11-18T22:31:14,gpt-4o-mini
S022,12/06/2025,0462 414 269,0472 490 335,Phone,Combined,WA,"Although the product itself is fine, the refund process made the experience unpleasant. I hope future interactions can be smoother and more efficient for customers like me.","['Unpleasant refund process', 'Need for smoother interactions']",the refund process made the experience unpleasant.,"The customer experienced difficulties with the refund process, impacting their overall satisfaction. They are hoping for improvements in future interactions.",Negative,2025-11-18T22:31:17,gpt-4o-mini
S023,14/05/2025,0451 542 875,0433 433 408,Phone,Ambulance Cover,NSW,The overall experience was not great due to a website bug. I had to contact support multiple times and it still remains unresolved. I expected better service quality.,"['Website bug', 'Multiple support contacts', 'Unresolved issue', 'Poor service quality']",The overall experience was not great due to a website bug.,The customer faced technical issues with the website that required frequent support interactions without resolution.,Negative,2025-11-18T22:31:20,gpt-4o-mini
S024,5/06/2025,0441 689 427,0462 140 866,Branch,Extras,WA,"I am quite angry with how the slow response was handled. It took longer than expected to get a resolution, and the communication from your support team was not clear enough.","['Slow response time', 'Unclear communication', 'Long resolution time']","It took longer than expected to get a resolution, and the communication from your support team was not clear enough.",The customer expresses frustration over the delay in response and lack of clarity from support.,Negative,2025-11-18T22:31:22,gpt-4o-mini
S025,14/06/2025,0411 415 595,0463 140 146,Web,Ambulance Cover,TAS,"Although the product itself is fine, the system crash made the experience unpleasant. I hope future interactions can be smoother and more efficient for customers like me.","['System crash issue', 'Unpleasant experience', 'Need for smoother interactions']",the system crash made the experience unpleasant.,The comment highlights a problem with system reliability that negatively impacts the customer experience. There's a desire for improvements in future interactions.,Negative,2025-11-18T22:31:25,gpt-4o-mini
S026,9/09/2025,0424 803 858,0475 583 999,Phone,Combined,VIC,"I'm disappointed about how my wrong item sent was addressed. It seems like there is no proper escalation process or accountability within the team, which made things worse.","['Wrong item sent', 'Lack of escalation process', 'Accountability issues']",I'm disappointed about how my wrong item sent was addressed.,The customer expresses frustration regarding the handling of a wrong item and highlights significant process deficiencies.,Negative,2025-11-18T22:31:27,gpt-4o-mini
S027,20/04/2025,0408 138 308,0417 912 804,Phone,Hospital,VIC,"I faced a poor product quality recently and it caused significant inconvenience. While the agent tried to help, the process was confusing and slow, making the whole experience frustrating.","['Poor product quality', 'Confusing process', 'Slow service', 'Frustrating experience']",I faced a poor product quality recently and it caused significant inconvenience.,The customer expresses dissatisfaction with the product quality and finds the service process inadequate.,Negative,2025-11-18T22:31:30,gpt-4o-mini
S028,28/08/2025,0483 441 772,0426 821 409,Phone,Travel,SA,"I am quite neutral with how the rude staff was handled. It took longer than expected to get a resolution, and the communication from your support team was not clear enough.","['Rude staff handling', 'Long resolution time', 'Unclear communication']","It took longer than expected to get a resolution, and the communication from your support team was not clear enough.",The customer mentions negative experiences with staff interactions and poor communication during the resolution process.,Neutral,2025-11-18T22:31:32,gpt-4o-mini
S029,25/07/2025,0452 488 607,0491 785 753,Branch,Travel,NT,"I'm frustrated about how my no follow up was addressed. It seems like there is no proper escalation process or accountability within the team, which made things worse.","['Lack of follow-up', 'Poor escalation process', 'Lack of accountability']",I'm frustrated about how my no follow up was addressed.,The customer expresses frustration regarding inadequate follow-up and the absence of a clear escalation and accountability mechanism.,Negative,2025-11-18T22:31:35,gpt-4o-mini
S030,9/08/2025,0457 962 427,0455 119 790,Phone,Hospital,ACT,"I'm angry about how my billing error was addressed. It seems like there is no proper escalation process or accountability within the team, which made things worse.","['Billing error handling', 'Lack of escalation process', 'Poor team accountability']",I'm angry about how my billing error was addressed.,The customer expresses frustration over the handling of a billing issue and highlights systemic problems in escalation and accountability.,Negative,2025-11-18T22:31:38,gpt-4o-mini
S031,9/05/2025,0426 414 148,0408 974 785,Phone,Hospital,ACT,"I faced a billing error recently and it caused significant inconvenience. While the agent tried to help, the process was confusing and slow, making the whole experience frustrating.","['Billing error', 'Confusing process', 'Slow resolution']",I faced a billing error recently and it caused significant inconvenience.,"The customer encountered a billing issue that led to frustration, compounded by a confusing and slow process.",Negative,2025-11-18T22:31:40,gpt-4o-mini
S032,28/05/2025,0418 262 512,0450 176 529,Email,Extras,NT,"I am quite frustrated with how the account locked was handled. It took longer than expected to get a resolution, and the communication from your support team was not clear enough.","['Frustration with account locking', 'Delayed resolution', 'Unclear communication from support']",I am quite frustrated with how the account locked was handled.,The customer is dissatisfied with the handling and communication regarding their account lock. Delays and lack of clarity contributed to their frustration.,Negative,2025-11-18T22:31:43,gpt-4o-mini
S033,25/09/2025,0486 964 857,0407 259 871,Mobile App,Extras,NSW,"I am quite frustrated with how the wrong item sent was handled. It took longer than expected to get a resolution, and the communication from your support team was not clear enough.","['Wrong item handling', 'Delayed resolution', 'Unclear communication']","It took longer than expected to get a resolution, and the communication from your support team was not clear enough.",The customer expresses frustration over the mishandling of a wrong item and the lack of clear communication during the resolution process.,Negative,2025-11-18T22:31:46,gpt-4o-mini
S034,5/06/2025,0475 579 490,0405 875 964,Phone,Extras,QLD,"I faced a account locked recently and it caused significant inconvenience. While the agent tried to help, the process was confusing and slow, making the whole experience frustrating.","['Account locked issue', 'Confusing process', 'Slow customer service']","the process was confusing and slow, making the whole experience frustrating.",The customer experienced a frustrating situation due to a locked account and found the service provided to be inadequate.,Negative,2025-11-18T22:31:48,gpt-4o-mini
S035,18/06/2025,0444 886 584,0404 234 859,Phone,Extras,ACT,"I'm annoyed about how my unhelpful agent was addressed. It seems like there is no proper escalation process or accountability within the team, which made things worse.","['Unhelpful agent', 'Lack of escalation process', 'No accountability']",It seems like there is no proper escalation process or accountability within the team.,The customer expresses frustration over the service provided by the agent and the absence of a clear escalation and accountability framework.,Negative,2025-11-18T22:31:51,gpt-4o-mini
S036,26/06/2025,0416 375 120,0475 296 370,Web,Ambulance Cover,NT,The overall experience was not great due to a wrong item sent. I had to contact support multiple times and it still remains unresolved. I expected better service quality.,"['Wrong item sent', 'Multiple support contacts', 'Unresolved issue', 'Poor service quality']",The overall experience was not great due to a wrong item sent.,"The customer faced issues with receiving the wrong item and had to repeatedly contact support without resolution, indicating poor service.",Negative,2025-11-18T22:31:53,gpt-4o-mini
S037,26/04/2025,0441 588 966,0468 157 576,Phone,Travel,VIC,"I faced a long waiting time recently and it caused significant inconvenience. While the agent tried to help, the process was confusing and slow, making the whole experience frustrating.","['Long waiting time', 'Confusing process', 'Slow service']",I faced a long waiting time recently and it caused significant inconvenience.,"The comment highlights issues with waiting time and process clarity, indicating a need for improvement in service efficiency.",Negative,2025-11-18T22:31:56,gpt-4o-mini
S038,29/05/2025,0416 365 341,0488 431 291,Branch,Ambulance Cover,QLD,"I faced a unclear instructions recently and it caused significant inconvenience. While the agent tried to help, the process was confusing and slow, making the whole experience frustrating.","['Unclear instructions', 'Confusing process', 'Slow service']","the process was confusing and slow, making the whole experience frustrating.","The customer encountered difficulties due to lack of clarity in instructions and a slow process, leading to frustration.",Negative,2025-11-18T22:32:01,gpt-4o-mini
S039,7/09/2025,0433 529 243,0491 561 954,Branch,Hospital,SA,"I am quite frustrated with how the long waiting time was handled. It took longer than expected to get a resolution, and the communication from your support team was not clear enough.","['Long waiting time', 'Unclear communication', 'Delayed resolution']","It took longer than expected to get a resolution, and the communication from your support team was not clear enough.",The customer expresses frustration about the delays and lack of clarity in communication during the resolution process.,Negative,2025-11-18T22:32:05,gpt-4o-mini
S040,17/06/2025,0483 268 385,0418 684 171,Branch,Hospital,ACT,"I faced a unhelpful agent recently and it caused significant inconvenience. While the agent tried to help, the process was confusing and slow, making the whole experience frustrating.","['Unhelpful agent', 'Confusing process', 'Slow service', 'Frustrating experience']",I faced a unhelpful agent recently and it caused significant inconvenience.,The customer experienced an unhelpful interaction with an agent and found the overall process to be confusing and slow.,Negative,2025-11-18T22:32:08,gpt-4o-mini
S041,7/08/2025,0432 198 848,0485 162 101,Web,Extras,WA,"I faced a delivery delay recently and it caused significant inconvenience. While the agent tried to help, the process was confusing and slow, making the whole experience frustrating.","['Delivery delay', 'Confusing process', 'Slow response time', 'Frustrating experience']","the process was confusing and slow, making the whole experience frustrating.","The customer encountered issues with delivery and found the overall process difficult to navigate, leading to frustration.",Negative,2025-11-18T22:32:10,gpt-4o-mini
S042,30/04/2025,0468 845 930,0479 216 981,Phone,Hospital,NT,"Although the product itself is fine, the poor product quality made the experience unpleasant. I hope future interactions can be smoother and more efficient for customers like me.","['Poor product quality', 'Unpleasant experience', 'Need for smoother interactions']",the poor product quality made the experience unpleasant.,"The customer highlights dissatisfaction with product quality impacting their overall experience, indicating room for improvement in future interactions.",Negative,2025-11-18T22:32:13,gpt-4o-mini
S043,15/07/2025,0462 933 938,0423 171 108,Branch,Combined,QLD,The overall experience was not great due to a unhelpful agent. I had to contact support multiple times and it still remains unresolved. I expected better service quality.,"['Unhelpful agent', 'Multiple support contacts', 'Unresolved issues', 'Poor service quality']",The overall experience was not great due to a unhelpful agent.,The customer expresses dissatisfaction with the agent's helpfulness and the repeated need to contact support for unresolved issues.,Negative,2025-11-18T22:32:17,gpt-4o-mini
S044,29/09/2025,0422 131 296,0422 837 292,Email,Ambulance Cover,WA,"I'm constructive about how my rude staff was addressed. It seems like there is no proper escalation process or accountability within the team, which made things worse.","['Rude staff behavior', 'Lack of escalation process', 'Accountability issues']",It seems like there is no proper escalation process or accountability within the team.,The comment highlights issues with staff conduct and the absence of a system for addressing concerns.,Negative,2025-11-18T22:32:19,gpt-4o-mini
S045,31/08/2025,0486 432 391,0498 231 531,Phone,Extras,WA,"I faced a unclear instructions recently and it caused significant inconvenience. While the agent tried to help, the process was confusing and slow, making the whole experience frustrating.","['Unclear instructions', 'Confusing process', 'Slow service', 'Significant inconvenience']",I faced a unclear instructions recently and it caused significant inconvenience.,"The customer experienced confusion due to unclear instructions and slow service, leading to frustration.",Negative,2025-11-18T22:32:22,gpt-4o-mini
S046,3/06/2025,0434 637 721,0463 808 864,Web,Combined,SA,"I faced a poor product quality recently and it caused significant inconvenience. While the agent tried to help, the process was confusing and slow, making the whole experience frustrating.","['Poor product quality', 'Confusing process', 'Slow resolution', 'Inconvenience caused']",I faced a poor product quality recently and it caused significant inconvenience.,"The comment highlights dissatisfaction with the product's quality and the difficulty in resolving the issue, impacting customer experience.",Negative,2025-11-18T22:32:24,gpt-4o-mini
S047,21/09/2025,0495 325 834,0443 249 669,Branch,Ambulance Cover,WA,"I am quite polite but firm with how the billing error was handled. It took longer than expected to get a resolution, and the communication from your support team was not clear enough.","['Billing error resolution', 'Delayed response time', 'Unclear communication']","It took longer than expected to get a resolution, and the communication from your support team was not clear enough.","The customer experienced dissatisfaction with the handling of a billing error, indicating slow resolution and poor communication.",Negative,2025-11-18T22:32:27,gpt-4o-mini
S048,23/05/2025,0461 873 246,0420 739 308,Web,Hospital,VIC,"I'm frustrated about how my damaged parcel was addressed. It seems like there is no proper escalation process or accountability within the team, which made things worse.","['Damaged parcel handling', 'Lack of escalation process', 'Accountability issues']","It seems like there is no proper escalation process or accountability within the team, which made things worse.","The customer expresses frustration regarding the handling and resolution of their damaged parcel, indicating systemic issues.",Negative,2025-11-18T22:32:29,gpt-4o-mini
S049,5/10/2025,0499 662 279,0418 221 908,Branch,Ambulance Cover,VIC,The overall experience was not great due to a missing item. I had to contact support multiple times and it still remains unresolved. I expected better service quality.,"['Missing item issue', 'Poor service quality', 'Unresolved support case']",The overall experience was not great due to a missing item.,"The customer expresses dissatisfaction with a missing item and inadequate service resolution, indicating a lack of effective support.",Negative,2025-11-18T22:32:33,gpt-4o-mini
S050,31/07/2025,0463 154 961,0479 993 897,Branch,Hospital,TAS,"I faced a system crash recently and it caused significant inconvenience. While the agent tried to help, the process was confusing and slow, making the whole experience frustrating.","['System crash impact', 'Confusing support process', 'Slow resolution']","the process was confusing and slow, making the whole experience frustrating.","The customer experienced a system crash and found the support process difficult to navigate, leading to frustration.",Negative,2025-11-18T22:32:36,gpt-4o-mini
S051,4/06/2025,0447 899 554,0466 742 519,Phone,Combined,TAS,"I am quite annoyed with how the double charge was handled. It took longer than expected to get a resolution, and the communication from your support team was not clear enough.","['Double charge issue', 'Slow resolution', 'Unclear communication']","It took longer than expected to get a resolution, and the communication from your support team was not clear enough.",The customer expressed frustration due to a double charge and inadequate communication from support regarding resolution.,Negative,2025-11-18T22:32:38,gpt-4o-mini
S052,11/06/2025,0489 823 643,0465 718 550,Phone,Combined,ACT,"I'm constructive about how my poor product quality was addressed. It seems like there is no proper escalation process or accountability within the team, which made things worse.","['Poor product quality', 'Lack of escalation process', 'Accountability issues']",It seems like there is no proper escalation process or accountability within the team.,The customer expresses concern over product quality and highlights the absence of effective escalation and accountability measures.,Negative,2025-11-18T22:32:41,gpt-4o-mini
S053,26/07/2025,0468 717 632,0484 386 677,Email,Ambulance Cover,VIC,"I faced a unclear instructions recently and it caused significant inconvenience. While the agent tried to help, the process was confusing and slow, making the whole experience frustrating.","['Unclear instructions', 'Confusing process', 'Slow service', 'Inconvenience caused']","the process was confusing and slow, making the whole experience frustrating.","The customer experienced frustration due to unclear instructions and a slow, confusing process, leading to significant inconvenience.",Negative,2025-11-18T22:32:43,gpt-4o-mini
S054,7/06/2025,0410 159 402,0437 807 742,Web,Extras,NSW,"I faced a slow response recently and it caused significant inconvenience. While the agent tried to help, the process was confusing and slow, making the whole experience frustrating.","['Slow response time', 'Confusing process', 'Frustrating experience']",I faced a slow response recently and it caused significant inconvenience.,"The customer experienced delays and confusion during the service process, leading to frustration.",Negative,2025-11-18T22:32:45,gpt-4o-mini
S055,18/04/2025,0411 706 375,0446 805 740,Mobile App,Combined,WA,"I faced a inconsistent information recently and it caused significant inconvenience. While the agent tried to help, the process was confusing and slow, making the whole experience frustrating.","['Inconsistent information', 'Confusing process', 'Slow service']","the process was confusing and slow, making the whole experience frustrating.","The customer experienced confusion due to inconsistent info and slow service, leading to frustration.",Negative,2025-11-18T22:32:49,gpt-4o-mini
S056,10/07/2025,0415 587 733,0474 299 199,Mobile App,Combined,WA,The overall experience was not great due to a no follow up. I had to contact support multiple times and it still remains unresolved. I expected better service quality.,"['Lack of follow-up', 'Multiple support contacts', 'Unresolved issue', 'Poor service quality']",The overall experience was not great due to a no follow up.,"The customer expressed dissatisfaction with the lack of follow-up and unresolved issues, indicating a need for improved support processes.",Negative,2025-11-18T22:32:52,gpt-4o-mini
S057,27/05/2025,0479 498 148,0410 525 272,Branch,Combined,VIC,"I am quite constructive with how the delivery delay was handled. It took longer than expected to get a resolution, and the communication from your support team was not clear enough.","['Delivery delay handling', 'Long resolution time', 'Unclear communication from support']","It took longer than expected to get a resolution, and the communication from your support team was not clear enough.",The customer expresses dissatisfaction with the handling of a delivery delay and the clarity of communication regarding the resolution.,Negative,2025-11-18T22:32:55,gpt-4o-mini
S058,14/09/2025,0437 583 303,0421 865 671,Phone,Hospital,ACT,"Although the product itself is fine, the website bug made the experience unpleasant. I hope future interactions can be smoother and more efficient for customers like me.","['Website bug', 'Unpleasant experience', 'Need for efficiency']",the website bug made the experience unpleasant.,The comment highlights a technical issue with the website affecting overall customer satisfaction. Improvement in website functionality could enhance user experience.,Negative,2025-11-18T22:33:01,gpt-4o-mini
S059,12/04/2025,0435 463 273,0436 662 798,Mobile App,Travel,SA,"Although the product itself is fine, the delivery delay made the experience unpleasant. I hope future interactions can be smoother and more efficient for customers like me.","['Delivery delay', 'Unpleasant experience', 'Need for smoother interactions']",the delivery delay made the experience unpleasant.,The comment highlights a significant issue with delivery timing that impacted overall satisfaction. The customer expresses a desire for improvement in future interactions.,Negative,2025-11-18T22:33:04,gpt-4o-mini
S060,18/09/2025,0446 881 906,0405 297 144,Web,Ambulance Cover,NSW,"Although the product itself is fine, the unhelpful agent made the experience unpleasant. I hope future interactions can be smoother and more efficient for customers like me.","['Unhelpful customer agent', 'Unpleasant experience', 'Desire for smoother interactions']",the unhelpful agent made the experience unpleasant.,"The customer expresses dissatisfaction with the service provided by the agent, which detracted from their overall experience.",Negative,2025-11-18T22:33:07,gpt-4o-mini
S061,4/07/2025,0435 540 927,0407 969 758,Phone,Combined,WA,"I'm polite but firm about how my poor product quality was addressed. It seems like there is no proper escalation process or accountability within the team, which made things worse.","['Poor product quality', 'Lack of escalation process', 'No accountability']",It seems like there is no proper escalation process or accountability within the team.,The response highlights issues with product quality and the team's inability to address concerns effectively.,Negative,2025-11-18T22:33:09,gpt-4o-mini
S062,29/09/2025,0420 684 240,0479 634 113,Web,Travel,QLD,The overall experience was not great due to a double charge. I had to contact support multiple times and it still remains unresolved. I expected better service quality.,"['Double charge issue', 'Poor service quality', 'Repeated support contacts']",The overall experience was not great due to a double charge.,"The customer faced a billing error and had to reach out to support multiple times without resolution, leading to dissatisfaction with service quality.",Negative,2025-11-18T22:33:12,gpt-4o-mini
S063,24/06/2025,0435 109 493,0483 353 842,Email,Travel,WA,The overall experience was not great due to a miscommunication. I had to contact support multiple times and it still remains unresolved. I expected better service quality.,"['Miscommunication', 'Multiple support contacts', 'Unresolved issues', 'Poor service quality']",The overall experience was not great due to a miscommunication.,The customer expressed dissatisfaction due to a lack of clear communication and unresolved issues requiring multiple follow-ups.,Negative,2025-11-18T22:33:15,gpt-4o-mini
S064,1/10/2025,0422 996 199,0441 790 847,Mobile App,Travel,TAS,"I'm annoyed about how my website bug was addressed. It seems like there is no proper escalation process or accountability within the team, which made things worse.","['Ineffective bug resolution', 'Lack of escalation process', 'Poor team accountability']",I'm annoyed about how my website bug was addressed.,"The customer feels frustrated with the way their issue was handled, highlighting specific deficiencies.",Negative,2025-11-18T22:33:17,gpt-4o-mini
S065,23/06/2025,0430 649 956,0459 720 454,Branch,Ambulance Cover,QLD,The overall experience was not great due to a missing item. I had to contact support multiple times and it still remains unresolved. I expected better service quality.,"['Missing item issue', 'Poor service quality', 'Unresolved customer support']",The overall experience was not great due to a missing item.,The respondent faced issues with a missing item and inadequate service from customer support.,Negative,2025-11-18T22:33:19,gpt-4o-mini
S066,19/05/2025,0479 191 974,0410 570 646,Phone,Extras,WA,"I'm frustrated about how my website bug was addressed. It seems like there is no proper escalation process or accountability within the team, which made things worse.","['Frustration with bug resolution', 'Lack of escalation process', 'Accountability issues']",I'm frustrated about how my website bug was addressed.,The customer feels that their issue was not adequately handled and lacks a reliable way to escalate concerns.,Negative,2025-11-18T22:33:22,gpt-4o-mini
S067,6/08/2025,0447 758 562,0440 202 624,Phone,Extras,NT,"Although the product itself is fine, the account locked made the experience unpleasant. I hope future interactions can be smoother and more efficient for customers like me.","['Account lock issue', 'Unpleasant experience', 'Need for smoother interactions']",the account locked made the experience unpleasant.,The customer faced an account lock issue that negatively impacted their overall experience.,Negative,2025-11-18T22:33:24,gpt-4o-mini
S068,19/05/2025,0419 186 864,0493 302 350,Branch,Extras,ACT,The overall experience was not great due to a no follow up. I had to contact support multiple times and it still remains unresolved. I expected better service quality.,"['Poor follow-up service', 'Unresolved support issues', 'Low service quality']",The overall experience was not great due to a no follow up.,"The customer expresses dissatisfaction with the lack of follow-up and continued unresolved issues, indicating a need for improvement in service response.",Negative,2025-11-18T22:33:27,gpt-4o-mini
S069,24/04/2025,0466 777 237,0491 979 106,Phone,Ambulance Cover,SA,"I faced a rude staff recently and it caused significant inconvenience. While the agent tried to help, the process was confusing and slow, making the whole experience frustrating.","['Rude staff interaction', 'Confusing process', 'Slow service']",I faced a rude staff recently and it caused significant inconvenience.,"The customer experienced a rude staff member which added to their frustration. Additionally, the slow and confusing process contributed to their negative experience.",Negative,2025-11-18T22:33:30,gpt-4o-mini
S070,15/09/2025,0485 611 866,0414 581 754,Phone,Ambulance Cover,QLD,"Although the product itself is fine, the double charge made the experience unpleasant. I hope future interactions can be smoother and more efficient for customers like me.","['Double charge issue', 'Unpleasant experience', 'Need for smoother interactions']",the double charge made the experience unpleasant.,The customer experienced a billing error which led to dissatisfaction. They desire improved efficiency in future experiences.,Negative,2025-11-18T22:33:32,gpt-4o-mini
S071,5/08/2025,0428 188 871,0483 486 540,Branch,Ambulance Cover,QLD,The overall experience was not great due to a account locked. I had to contact support multiple times and it still remains unresolved. I expected better service quality.,"['Account lock issues', 'Poor customer support', 'Unresolved issues']",The overall experience was not great due to a account locked.,"The customer faced difficulties with an account lock and inadequate support, leading to frustration.",Negative,2025-11-18T22:33:35,gpt-4o-mini
S072,21/06/2025,0466 290 172,0422 149 573,Email,Combined,NT,"I am quite frustrated with how the poor product quality was handled. It took longer than expected to get a resolution, and the communication from your support team was not clear enough.","['Poor product quality', 'Long resolution time', 'Unclear communication']",I am quite frustrated with how the poor product quality was handled.,"The customer expressed frustration with product quality and delays in resolution, indicating poor communication from the support team.",Negative,2025-11-18T22:33:37,gpt-4o-mini
S073,28/08/2025,0498 492 864,0431 323 639,Phone,Combined,SA,"I am quite neutral with how the long waiting time was handled. It took longer than expected to get a resolution, and the communication from your support team was not clear enough.","['Long waiting time', 'Unclear communication']","It took longer than expected to get a resolution, and the communication from your support team was not clear enough.",The customer experienced delays and felt that the communication regarding the process was inadequate. This could indicate a need for better updates and clarity in communication.,Neutral,2025-11-18T22:33:40,gpt-4o-mini
S074,28/04/2025,0450 776 633,0490 514 431,Email,Extras,SA,"I am quite neutral with how the double charge was handled. It took longer than expected to get a resolution, and the communication from your support team was not clear enough.","['Double charge handling', 'Delayed resolution', 'Unclear communication']","It took longer than expected to get a resolution, and the communication from your support team was not clear enough.","The customer expresses neutrality but highlights issues with handling the double charge, delays in resolution, and communication clarity.",Neutral,2025-11-18T22:33:43,gpt-4o-mini
S075,28/07/2025,0497 103 796,0466 396 549,Mobile App,Combined,NT,"I am quite angry with how the delivery delay was handled. It took longer than expected to get a resolution, and the communication from your support team was not clear enough.","['Delivery delay', 'Slow resolution', 'Poor communication']","It took longer than expected to get a resolution, and the communication from your support team was not clear enough.",The customer expresses frustration with the handling of a delivery delay and the lack of clarity in communication.,Negative,2025-11-18T22:33:45,gpt-4o-mini
S076,27/06/2025,0412 654 377,0493 621 992,Branch,Hospital,ACT,"I'm frustrated about how my long waiting time was addressed. It seems like there is no proper escalation process or accountability within the team, which made things worse.","['Long waiting time', 'Lack of escalation process', 'No accountability']",I'm frustrated about how my long waiting time was addressed.,The customer expresses frustration regarding long wait times and inadequate support systems. This indicates a need for improved communication and accountability.,Negative,2025-11-18T22:33:47,gpt-4o-mini
S077,1/08/2025,0453 900 787,0416 157 888,Mobile App,Travel,SA,"Although the product itself is fine, the system crash made the experience unpleasant. I hope future interactions can be smoother and more efficient for customers like me.","['System crash', 'Unpleasant experience', 'Need for smoother interactions']",the system crash made the experience unpleasant.,"The user mentions a system crash that negatively impacted their experience, indicating a need for better reliability. They express hope for future improvements.",Negative,2025-11-18T22:33:50,gpt-4o-mini
S078,24/05/2025,0489 377 119,0411 741 319,Phone,Ambulance Cover,TAS,"I faced a long waiting time recently and it caused significant inconvenience. While the agent tried to help, the process was confusing and slow, making the whole experience frustrating.","['Long waiting time', 'Confusing process', 'Slow service', 'Inconvenience caused']",I faced a long waiting time recently and it caused significant inconvenience.,The customer experienced delays that led to frustration and confusion during the service process.,Negative,2025-11-18T22:33:53,gpt-4o-mini
S079,23/09/2025,0436 401 685,0465 964 601,Email,Travel,VIC,The overall experience was not great due to a poor product quality. I had to contact support multiple times and it still remains unresolved. I expected better service quality.,"['Poor product quality', 'Unsatisfactory customer service', 'Unresolved support issues']",The overall experience was not great due to a poor product quality.,The customer is dissatisfied with the product quality and the response from customer service.,Negative,2025-11-18T22:33:56,gpt-4o-mini
S080,18/07/2025,0441 647 566,0403 682 765,Email,Ambulance Cover,QLD,"I'm annoyed about how my unhelpful agent was addressed. It seems like there is no proper escalation process or accountability within the team, which made things worse.","['Unhelpful agent', 'Lack of escalation process', 'Accountability issues']",I'm annoyed about how my unhelpful agent was addressed.,The customer expresses frustration with the service received from the agent and mentions systemic issues.,Negative,2025-11-18T22:33:59,gpt-4o-mini
S081,28/07/2025,0494 928 511,0412 481 527,Email,Ambulance Cover,TAS,"I am quite disappointed with how the system crash was handled. It took longer than expected to get a resolution, and the communication from your support team was not clear enough.","['Poor handling of system crash', 'Long resolution time', 'Unclear communication from support']","It took longer than expected to get a resolution, and the communication from your support team was not clear enough.","The customer expresses disappointment regarding the handling of a system crash, emphasizing delays and communication issues.",Negative,2025-11-18T22:34:03,gpt-4o-mini
S082,10/07/2025,0478 380 655,0409 416 989,Phone,Ambulance Cover,VIC,"Although the product itself is fine, the unhelpful agent made the experience unpleasant. I hope future interactions can be smoother and more efficient for customers like me.","['Unhelpful customer service', 'Need for efficient interactions']",the unhelpful agent made the experience unpleasant.,The customer indicates dissatisfaction with the service provided by the agent and expresses a desire for improved future interactions.,Negative,2025-11-18T22:34:06,gpt-4o-mini
S083,17/04/2025,0455 214 592,0423 138 435,Phone,Hospital,VIC,"I faced a unclear instructions recently and it caused significant inconvenience. While the agent tried to help, the process was confusing and slow, making the whole experience frustrating.","['Unclear instructions', 'Confusing process', 'Slow service']","the process was confusing and slow, making the whole experience frustrating.","The customer experienced frustration due to unclear instructions and a confusing, slow process. This indicates a need for improved guidance and efficiency.",Negative,2025-11-18T22:34:09,gpt-4o-mini
S084,3/09/2025,0464 489 697,0485 247 584,Email,Extras,NT,"Although the product itself is fine, the poor product quality made the experience unpleasant. I hope future interactions can be smoother and more efficient for customers like me.","['Poor product quality', 'Unpleasant experience', 'Need for smoother interactions']",the poor product quality made the experience unpleasant.,The customer experienced dissatisfaction due to quality issues with the product and hopes for improved interactions.,Negative,2025-11-18T22:34:12,gpt-4o-mini
S085,23/05/2025,0401 481 476,0459 929 128,Mobile App,Combined,TAS,The overall experience was not great due to a delivery delay. I had to contact support multiple times and it still remains unresolved. I expected better service quality.,"['Delivery delay', 'Poor service quality', 'Unresolved support issues']",The overall experience was not great due to a delivery delay.,"The customer is frustrated with the delays and inadequate support, leading to dissatisfaction.",Negative,2025-11-18T22:34:14,gpt-4o-mini
S086,1/06/2025,0482 576 925,0411 146 906,Phone,Travel,VIC,"I faced a unhelpful agent recently and it caused significant inconvenience. While the agent tried to help, the process was confusing and slow, making the whole experience frustrating.","['Unhelpful agent', 'Confusing process', 'Slow service', 'Frustrating experience']",I faced a unhelpful agent recently and it caused significant inconvenience.,"The customer experienced poor service from an agent, compounded by a confusing and slow process, leading to frustration.",Negative,2025-11-18T22:34:18,gpt-4o-mini
S087,4/10/2025,0491 912 609,0421 771 555,Branch,Extras,NSW,"Although the product itself is fine, the long waiting time made the experience unpleasant. I hope future interactions can be smoother and more efficient for customers like me.","['Long waiting time', 'Unpleasant experience', 'Need for smoother interactions']",the long waiting time made the experience unpleasant.,The customer expresses dissatisfaction with the delays and hopes for better efficiency in future interactions.,Negative,2025-11-18T22:34:21,gpt-4o-mini
S088,28/09/2025,0456 934 637,0401 396 936,Branch,Hospital,TAS,The overall experience was not great due to a website bug. I had to contact support multiple times and it still remains unresolved. I expected better service quality.,"['Website bug', 'Poor service quality', 'Unresolved support issues']",The overall experience was not great due to a website bug.,The customer experienced multiple issues related to a website bug and inadequate support.,Negative,2025-11-18T22:34:23,gpt-4o-mini
S089,15/08/2025,0498 244 797,0434 923 428,Phone,Travel,TAS,"I faced a miscommunication recently and it caused significant inconvenience. While the agent tried to help, the process was confusing and slow, making the whole experience frustrating.","['Miscommunication issues', 'Confusing process', 'Slow service']","the process was confusing and slow, making the whole experience frustrating.",The customer experienced clear communication failures that led to inconvenience and frustration due to a complicated process.,Negative,2025-11-18T22:34:26,gpt-4o-mini
S090,1/08/2025,0442 599 689,0489 768 114,Mobile App,Combined,NT,"I'm constructive about how my website bug was addressed. It seems like there is no proper escalation process or accountability within the team, which made things worse.","['Positive feedback on bug resolution', 'Lack of escalation process', 'Lack of accountability']","It seems like there is no proper escalation process or accountability within the team, which made things worse.",The respondent acknowledges a positive outcome regarding the bug resolution while highlighting significant issues with the team's processes.,Negative,2025-11-18T22:34:29,gpt-4o-mini
S091,3/07/2025,0448 873 714,0441 120 431,Branch,Combined,NT,"I'm constructive about how my miscommunication was addressed. It seems like there is no proper escalation process or accountability within the team, which made things worse.","['Miscommunication resolution', 'Lack of escalation process', 'Lack of accountability']","It seems like there is no proper escalation process or accountability within the team, which made things worse.",The customer acknowledges the handling of miscommunication but highlights major issues in escalation and accountability.,Negative,2025-11-18T22:34:31,gpt-4o-mini
S092,4/09/2025,0498 256 739,0468 592 807,Phone,Combined,NT,"I'm frustrated about how my poor product quality was addressed. It seems like there is no proper escalation process or accountability within the team, which made things worse.","['Poor product quality', 'Lack of escalation process', 'No accountability']",I'm frustrated about how my poor product quality was addressed.,The customer expresses frustration regarding the handling of quality issues and the absence of responsibility in the support process.,Negative,2025-11-18T22:34:35,gpt-4o-mini
S093,5/06/2025,0426 209 693,0469 388 430,Web,Hospital,NT,"Although the product itself is fine, the unclear instructions made the experience unpleasant. I hope future interactions can be smoother and more efficient for customers like me.","['Unclear instructions', 'Unpleasant experience', 'Need for smoother interactions']",the unclear instructions made the experience unpleasant.,The customer expresses dissatisfaction with unclear instructions and hopes for improved experiences.,Negative,2025-11-18T22:34:37,gpt-4o-mini
S094,1/09/2025,0493 985 332,0494 739 269,Web,Combined,WA,"I faced a wrong item sent recently and it caused significant inconvenience. While the agent tried to help, the process was confusing and slow, making the whole experience frustrating. My name is daniel yu","['Wrong item sent', 'Confusing process', 'Slow response']",I faced a wrong item sent recently and it caused significant inconvenience.,"The customer experienced issues with receiving the wrong item, and the help provided was not efficient. This resulted in frustration.",Negative,2025-11-18T22:34:40,gpt-4o-mini
S095,15/08/2025,0458 316 545,0420 171 776,Branch,Extras,NSW,"I faced a no follow up recently and it caused significant inconvenience. While the agent tried to help, the process was confusing and slow, making the whole experience frustrating.","['Lack of follow-up', 'Confusing process', 'Slow service', 'Frustrating experience']","the process was confusing and slow, making the whole experience frustrating.","The customer experienced issues due to a lack of follow-up and a confusing process, leading to frustration.",Negative,2025-11-18T22:34:43,gpt-4o-mini
S096,26/06/2025,0409 819 859,0422 450 873,Mobile App,Ambulance Cover,NT,"Although the product itself is fine, the delivery delay made the experience unpleasant. I hope future interactions can be smoother and more efficient for customers like me.","['Delivery delay', 'Unpleasant experience', 'Need for smoother interactions']",the delivery delay made the experience unpleasant.,"The customer is highlighting dissatisfaction with the delay in delivery, which negatively impacted their overall experience.",Negative,2025-11-18T22:34:45,gpt-4o-mini
S097,11/08/2025,0456 460 400,0430 706 991,Mobile App,Extras,WA,The overall experience was not great due to a damaged parcel. I had to contact support multiple times and it still remains unresolved. I expected better service quality.,"['Damaged parcel issue', 'Multiple support contacts', 'Unresolved complaint', 'Service quality expectation']",I had to contact support multiple times and it still remains unresolved.,The customer is dissatisfied with the service due to a damaged parcel and lack of resolution despite multiple contacts.,Negative,2025-11-18T22:34:48,gpt-4o-mini
S098,29/06/2025,0436 701 726,0473 422 509,Mobile App,Travel,TAS,"I am quite disappointed with how the system crash was handled. It took longer than expected to get a resolution, and the communication from your support team was not clear enough. My home address is in spring street melbourne","['Poor system crash handling', 'Delayed resolution', 'Unclear communication from support']","It took longer than expected to get a resolution, and the communication from your support team was not clear enough.","The customer experienced issues with the handling of a system crash, pointing out delays and lack of clarity in communication.",Negative,2025-11-18T22:34:51,gpt-4o-mini
S099,31/05/2025,0418 963 202,0481 982 548,Email,Hospital,SA,"I am quite disappointed with how the refund process was handled. It took longer than expected to get a resolution, and the communication from your support team was not clear enough.","['Disappointing refund process', 'Slow resolution time', 'Unclear communication']","I am quite disappointed with how the refund process was handled. It took longer than expected to get a resolution, and the communication from your support team ",The customer expresses disappointment in the handling of the refund and the clarity of communication during the process.,Negative,2025-11-18T22:34:54,gpt-4o-mini
S100,26/06/2025,45435312,0444 673 193,Mobile App,Combined,WA,"I'm disappointed about how my missing item was addressed. It seems like there is no proper escalation process or accountability within the team, which made things worse.","['Missing item handling', 'Lack of escalation process', 'Poor accountability']",I'm disappointed about how my missing item was addressed.,The customer feels dissatisfied with the response to their missing item and believes there is a lack of proper procedure in place.,Negative,2025-11-18T22:34:57,gpt-4o-mini
